ID,Código,Nome,GTIN,SKU,Marca,Descrição
151,"ASTE_ALU","ALUFORCE CB CA ASTER","7896819201515","SKU-ASTE_ALU","Aluforce","ALUFORCE CB CA ASTER"
316,"ASTE_LAB","LABOR CB CA ASTER","7896819203168","SKU-ASTE_LAB","Labor Energy","LABOR CB CA ASTER"
117,"CET2.15_ALU","ALUFORCE CB DE POT²NCIA 2x1,5mm² 0,6/1KV NBR 7286 AL/HEPR","7896819201171","SKU-CET2.15_ALU","Aluforce","ALUFORCE CB DE POT²NCIA 2x1,5mm² 0,6/1KV NBR 7286 AL/HEPR"
280,"CET2.15_LAB","LABOR CB DE POT²NCIA 2x1,5mm² 0,6/1KV NBR 7286 AL/HEPR","7896819202802","SKU-CET2.15_LAB","Labor Energy","LABOR CB DE POT²NCIA 2x1,5mm² 0,6/1KV NBR 7286 AL/HEPR"
118,"CET2.25_ALU","ALUFORCE CB DE POT²NCIA 2x2,5mm² 0,6/1KV NBR 7286 AL/HEPR","7896819201188","SKU-CET2.25_ALU","Aluforce","ALUFORCE CB DE POT²NCIA 2x2,5mm² 0,6/1KV NBR 7286 AL/HEPR"
281,"CET2.25_LAB","LABOR CB DE POT²NCIA 2x2,5mm² 0,6/1KV NBR 7286 AL/HEPR","7896819202819","SKU-CET2.25_LAB","Labor Energy","LABOR CB DE POT²NCIA 2x2,5mm² 0,6/1KV NBR 7286 AL/HEPR"
119,"CET2.40_ALU","ALUFORCE CB DE POT²NCIA 2x4,0mm² 0,6/1KV NBR 7286 AL/HEPR","7896819201195","SKU-CET2.40_ALU","Aluforce","ALUFORCE CB DE POT²NCIA 2x4,0mm² 0,6/1KV NBR 7286 AL/HEPR"
282,"CET2.40_LAB","LABOR CB DE POT²NCIA 2x4,0mm² 0,6/1KV NBR 7286 AL/HEPR","7896819202826","SKU-CET2.40_LAB","Labor Energy","LABOR CB DE POT²NCIA 2x4,0mm² 0,6/1KV NBR 7286 AL/HEPR"
120,"CET2.60_ALU","ALUFORCE CB DE POT²NCIA 2x6,0mm² 0,6/1KV NBR 7286 AL/HEPR","7896819201201","SKU-CET2.60_ALU","Aluforce","ALUFORCE CB DE POT²NCIA 2x6,0mm² 0,6/1KV NBR 7286 AL/HEPR"
283,"CET2.60_LAB","LABOR CB DE POT²NCIA 2x6,0mm² 0,6/1KV NBR 7286 AL/HEPR","7896819202833","SKU-CET2.60_LAB","Labor Energy","LABOR CB DE POT²NCIA 2x6,0mm² 0,6/1KV NBR 7286 AL/HEPR"
121,"CET3.15_ALU","ALUFORCE CB DE POT²NCIA 3x1,5mm² 0,6/1KV NBR 7286 AL/HEPR","7896819201218","SKU-CET3.15_ALU","Aluforce","ALUFORCE CB DE POT²NCIA 3x1,5mm² 0,6/1KV NBR 7286 AL/HEPR"
284,"CET3.15_LAB","LABOR CB DE POT²NCIA 3x1,5mm² 0,6/1KV NBR 7286 AL/HEPR","7896819202840","SKU-CET3.15_LAB","Labor Energy","LABOR CB DE POT²NCIA 3x1,5mm² 0,6/1KV NBR 7286 AL/HEPR"
157,"CET3.25RP_ALU","ALUFORCE CB DE POT²NCIA 3x2,5mm² 0,6/1KV NBR 7286 AL/HEPR","7896819201577","SKU-CET3.25RP_ALU","Aluforce","ALUFORCE CB DE POT²NCIA 3x2,5mm² 0,6/1KV NBR 7286 AL/HEPR"
322,"CET3.25RP_LAB","LABOR CB DE POT²NCIA 3x2,5mm² 0,6/1KV NBR 7286 AL/HEPR","7896819203229","SKU-CET3.25RP_LAB","Labor Energy","LABOR CB DE POT²NCIA 3x2,5mm² 0,6/1KV NBR 7286 AL/HEPR"
122,"CET3.25_ALU","ALUFORCE CB DE POT²NCIA 3x2,5mm² 0,6/1KV NBR 7286 AL/HEPR","7896819201225","SKU-CET3.25_ALU","Aluforce","ALUFORCE CB DE POT²NCIA 3x2,5mm² 0,6/1KV NBR 7286 AL/HEPR"
285,"CET3.25_LAB","LABOR CB DE POT²NCIA 3x2,5mm² 0,6/1KV NBR 7286 AL/HEPR","7896819202857","SKU-CET3.25_LAB","Labor Energy","LABOR CB DE POT²NCIA 3x2,5mm² 0,6/1KV NBR 7286 AL/HEPR"
123,"CET3.40_ALU","ALUFORCE CB DE POT²NCIA 3x4,0mm² 0,6/1KV NBR 7286 AL/HEPR","7896819201232","SKU-CET3.40_ALU","Aluforce","ALUFORCE CB DE POT²NCIA 3x4,0mm² 0,6/1KV NBR 7286 AL/HEPR"
286,"CET3.40_LAB","LABOR CB DE POT²NCIA 3x4,0mm² 0,6/1KV NBR 7286 AL/HEPR","7896819202864","SKU-CET3.40_LAB","Labor Energy","LABOR CB DE POT²NCIA 3x4,0mm² 0,6/1KV NBR 7286 AL/HEPR"
124,"CET3.60_ALU","ALUFORCE CB DE POT²NCIA 3x6,0mm² 0,6/1KV NBR 7286 AL/HEPR","7896819201249","SKU-CET3.60_ALU","Aluforce","ALUFORCE CB DE POT²NCIA 3x6,0mm² 0,6/1KV NBR 7286 AL/HEPR"
287,"CET3.60_LAB","LABOR CB DE POT²NCIA 3x6,0mm² 0,6/1KV NBR 7286 AL/HEPR","7896819202871","SKU-CET3.60_LAB","Labor Energy","LABOR CB DE POT²NCIA 3x6,0mm² 0,6/1KV NBR 7286 AL/HEPR"
155,"CET4.15RP_ALU","ALUFORCE CB DE POT²NCIA 4x1,5mm² 0,6/1KV NBR 7286 AL/HEPR","7896819201553","SKU-CET4.15RP_ALU","Aluforce","ALUFORCE CB DE POT²NCIA 4x1,5mm² 0,6/1KV NBR 7286 AL/HEPR"
320,"CET4.15RP_LAB","LABOR CB DE POT²NCIA 4x1,5mm² 0,6/1KV NBR 7286 AL/HEPR","7896819203205","SKU-CET4.15RP_LAB","Labor Energy","LABOR CB DE POT²NCIA 4x1,5mm² 0,6/1KV NBR 7286 AL/HEPR"
125,"CET4.15_ALU","ALUFORCE CB DE POT²NCIA 4x1,5mm² 0,6/1KV NBR 7286 AL/HEPR","7896819201256","SKU-CET4.15_ALU","Aluforce","ALUFORCE CB DE POT²NCIA 4x1,5mm² 0,6/1KV NBR 7286 AL/HEPR"
288,"CET4.15_LAB","LABOR CB DE POT²NCIA 4x1,5mm² 0,6/1KV NBR 7286 AL/HEPR","7896819202888","SKU-CET4.15_LAB","Labor Energy","LABOR CB DE POT²NCIA 4x1,5mm² 0,6/1KV NBR 7286 AL/HEPR"
126,"CET4.25_ALU","ALUFORCE CB DE POT²NCIA 4x2,5mm² 0,6/1KV NBR 7286 AL/HEPR","7896819201263","SKU-CET4.25_ALU","Aluforce","ALUFORCE CB DE POT²NCIA 4x2,5mm² 0,6/1KV NBR 7286 AL/HEPR"
289,"CET4.25_LAB","LABOR CB DE POT²NCIA 4x2,5mm² 0,6/1KV NBR 7286 AL/HEPR","7896819202895","SKU-CET4.25_LAB","Labor Energy","LABOR CB DE POT²NCIA 4x2,5mm² 0,6/1KV NBR 7286 AL/HEPR"
127,"CET4.40_ALU","ALUFORCE CB DE POT²NCIA 4x4,0mm² 0,6/1KV NBR 7286 AL/HEPR","7896819201270","SKU-CET4.40_ALU","Aluforce","ALUFORCE CB DE POT²NCIA 4x4,0mm² 0,6/1KV NBR 7286 AL/HEPR"
290,"CET4.40_LAB","LABOR CB DE POT²NCIA 4x4,0mm² 0,6/1KV NBR 7286 AL/HEPR","7896819202901","SKU-CET4.40_LAB","Labor Energy","LABOR CB DE POT²NCIA 4x4,0mm² 0,6/1KV NBR 7286 AL/HEPR"
128,"CET4.60_ALU","ALUFORCE CB DE POT²NCIA 4x6,0mm² 0,6/1KV NBR 7286 AL/HEPR","7896819201287","SKU-CET4.60_ALU","Aluforce","ALUFORCE CB DE POT²NCIA 4x6,0mm² 0,6/1KV NBR 7286 AL/HEPR"
291,"CET4.60_LAB","LABOR CB DE POT²NCIA 4x6,0mm² 0,6/1KV NBR 7286 AL/HEPR","7896819202918","SKU-CET4.60_LAB","Labor Energy","LABOR CB DE POT²NCIA 4x6,0mm² 0,6/1KV NBR 7286 AL/HEPR"
129,"CET5.15_ALU","ALUFORCE CB DE POT²NCIA 5x1,5mm² 0,6/1KV NBR 7286 AL/HEPR","7896819201294","SKU-CET5.15_ALU","Aluforce","ALUFORCE CB DE POT²NCIA 5x1,5mm² 0,6/1KV NBR 7286 AL/HEPR"
292,"CET5.15_LAB","LABOR CB DE POT²NCIA 5x1,5mm² 0,6/1KV NBR 7286 AL/HEPR","7896819202925","SKU-CET5.15_LAB","Labor Energy","LABOR CB DE POT²NCIA 5x1,5mm² 0,6/1KV NBR 7286 AL/HEPR"
130,"CET5.25_ALU","ALUFORCE CB DE POT²NCIA 5x2,5mm² 0,6/1KV NBR 7286 AL/HEPR","7896819201300","SKU-CET5.25_ALU","Aluforce","ALUFORCE CB DE POT²NCIA 5x2,5mm² 0,6/1KV NBR 7286 AL/HEPR"
293,"CET5.25_LAB","LABOR CB DE POT²NCIA 5x2,5mm² 0,6/1KV NBR 7286 AL/HEPR","7896819202932","SKU-CET5.25_LAB","Labor Energy","LABOR CB DE POT²NCIA 5x2,5mm² 0,6/1KV NBR 7286 AL/HEPR"
131,"CET5.40_ALU","ALUFORCE CB DE POT²NCIA 5x4,0mm² 0,6/1KV NBR 7286 AL/HEPR","7896819201317","SKU-CET5.40_ALU","Aluforce","ALUFORCE CB DE POT²NCIA 5x4,0mm² 0,6/1KV NBR 7286 AL/HEPR"
294,"CET5.40_LAB","LABOR CB DE POT²NCIA 5x4,0mm² 0,6/1KV NBR 7286 AL/HEPR","7896819202949","SKU-CET5.40_LAB","Labor Energy","LABOR CB DE POT²NCIA 5x4,0mm² 0,6/1KV NBR 7286 AL/HEPR"
132,"CET5.60_ALU","ALUFORCE CB DE POT²NCIA 5x6,0mm² 0,6/1KV NBR 7286 AL/HEPR","7896819201324","SKU-CET5.60_ALU","Aluforce","ALUFORCE CB DE POT²NCIA 5x6,0mm² 0,6/1KV NBR 7286 AL/HEPR"
295,"CET5.60_LAB","LABOR CB DE POT²NCIA 5x6,0mm² 0,6/1KV NBR 7286 AL/HEPR","7896819202956","SKU-CET5.60_LAB","Labor Energy","LABOR CB DE POT²NCIA 5x6,0mm² 0,6/1KV NBR 7286 AL/HEPR"
133,"CET7.15_ALU","ALUFORCE CB DE POT²NCIA 7x1,5mm² 0,6/1KV NBR 7286 AL/HEPR","7896819201331","SKU-CET7.15_ALU","Aluforce","ALUFORCE CB DE POT²NCIA 7x1,5mm² 0,6/1KV NBR 7286 AL/HEPR"
296,"CET7.15_LAB","LABOR CB DE POT²NCIA 7x1,5mm² 0,6/1KV NBR 7286 AL/HEPR","7896819202963","SKU-CET7.15_LAB","Labor Energy","LABOR CB DE POT²NCIA 7x1,5mm² 0,6/1KV NBR 7286 AL/HEPR"
156,"CET8.15RP_ALU","ALUFORCE CB DE POT²NCIA 8x1,5mm² 0,6/1KV NBR 7286 AL/HEPR","7896819201560","SKU-CET8.15RP_ALU","Aluforce","ALUFORCE CB DE POT²NCIA 8x1,5mm² 0,6/1KV NBR 7286 AL/HEPR"
321,"CET8.15RP_LAB","LABOR CB DE POT²NCIA 8x1,5mm² 0,6/1KV NBR 7286 AL/HEPR","7896819203212","SKU-CET8.15RP_LAB","Labor Energy","LABOR CB DE POT²NCIA 8x1,5mm² 0,6/1KV NBR 7286 AL/HEPR"
134,"CET8.15_ALU","ALUFORCE CB DE POT²NCIA 8x1,5mm² 0,6/1KV NBR 7286 AL/HEPR","7896819201348","SKU-CET8.15_ALU","Aluforce","ALUFORCE CB DE POT²NCIA 8x1,5mm² 0,6/1KV NBR 7286 AL/HEPR"
297,"CET8.15_LAB","LABOR CB DE POT²NCIA 8x1,5mm² 0,6/1KV NBR 7286 AL/HEPR","7896819202970","SKU-CET8.15_LAB","Labor Energy","LABOR CB DE POT²NCIA 8x1,5mm² 0,6/1KV NBR 7286 AL/HEPR"
55,"CLIP3,0_ALU","CLIP NASAL MOD.F1 PL/AL 3,0MM","7896819200556","SKU-CLIP3,0_ALU","Aluforce","CLIP NASAL MOD.F1 PL/AL 3,0MM"
213,"CLIP3,0_LAB","CLIP NASAL MOD.F1 PL/AL 3,0MM","7896819202130","SKU-CLIP3,0_LAB","Labor Energy","CLIP NASAL MOD.F1 PL/AL 3,0MM"
6,"DUI10_ALU","ALUFORCE CB DUPLEX 10mm² NEUTRO ISOLADO","7896819200068","SKU-DUI10_ALU","Aluforce","ALUFORCE CB DUPLEX 10mm² NEUTRO ISOLADO"
164,"DUI10_LAB","LABOR CB DUPLEX 10mm² NEUTRO ISOLADO","7896819201645","SKU-DUI10_LAB","Labor Energy","LABOR CB DUPLEX 10mm² NEUTRO ISOLADO"
7,"DUI16_ALU","ALUFORCE CB DUPLEX 16mm² NEUTRO ISOLADO","7896819200075","SKU-DUI16_ALU","Aluforce","ALUFORCE CB DUPLEX 16mm² NEUTRO ISOLADO"
165,"DUI16_LAB","LABOR CB DUPLEX 16mm² NEUTRO ISOLADO","7896819201652","SKU-DUI16_LAB","Labor Energy","LABOR CB DUPLEX 16mm² NEUTRO ISOLADO"
8,"DUI25_ALU","ALUFORCE CB DUPLEX 25mm² NEUTRO ISOLADO","7896819200082","SKU-DUI25_ALU","Aluforce","ALUFORCE CB DUPLEX 25mm² NEUTRO ISOLADO"
166,"DUI25_LAB","LABOR CB DUPLEX 25mm² NEUTRO ISOLADO","7896819201669","SKU-DUI25_LAB","Labor Energy","LABOR CB DUPLEX 25mm² NEUTRO ISOLADO"
9,"DUI35_ALU","ALUFORCE CB DUPLEX 35mm² NEUTRO ISOLADO","7896819200099","SKU-DUI35_ALU","Aluforce","ALUFORCE CB DUPLEX 35mm² NEUTRO ISOLADO"
167,"DUI35_LAB","LABOR CB DUPLEX 35mm² NEUTRO ISOLADO","7896819201676","SKU-DUI35_LAB","Labor Energy","LABOR CB DUPLEX 35mm² NEUTRO ISOLADO"
10,"DUI50_ALU","ALUFORCE CB DUPLEX 50mm² NEUTRO ISOLADO","7896819200105","SKU-DUI50_ALU","Aluforce","ALUFORCE CB DUPLEX 50mm² NEUTRO ISOLADO"
168,"DUI50_LAB","LABOR CB DUPLEX 50mm² NEUTRO ISOLADO","7896819201683","SKU-DUI50_LAB","Labor Energy","LABOR CB DUPLEX 50mm² NEUTRO ISOLADO"
1,"DUN10_ALU","ALUFORCE CB DUPLEX 10mm² NEUTRO N²","7896819200013","SKU-0001","Aluforce","ALUFORCE CB DUPLEX 10mm² NEUTRO N²"
159,"DUN10_LAB","LABOR CB DUPLEX 10mm² NEUTRO N²","7896819201591","SKU-DUN10_LAB","Labor Energy","LABOR CB DUPLEX 10mm² NEUTRO N²"
2,"DUN16_ALU","ALUFORCE CB DUPLEX 16mm² NEUTRO N²","7896819200020","SKU-0002","Aluforce","ALUFORCE CB DUPLEX 16mm² NEUTRO N²"
160,"DUN16_LAB","LABOR CB DUPLEX 16mm² NEUTRO N²","7896819201607","SKU-DUN16_LAB","Labor Energy","LABOR CB DUPLEX 16mm² NEUTRO N²"
3,"DUN25_ALU","ALUFORCE CB DUPLEX 25mm² NEUTRO N²","7896819200037","SKU-0003","Aluforce","ALUFORCE CB DUPLEX 25mm² NEUTRO N²"
161,"DUN25_LAB","LABOR CB DUPLEX 25mm² NEUTRO N²","7896819201614","SKU-DUN25_LAB","Labor Energy","LABOR CB DUPLEX 25mm² NEUTRO N²"
4,"DUN35_ALU","ALUFORCE CB DUPLEX 35mm² NEUTRO N²","7896819200044","SKU-0004","Aluforce","ALUFORCE CB DUPLEX 35mm² NEUTRO N²"
162,"DUN35_LAB","LABOR CB DUPLEX 35mm² NEUTRO N²","7896819201621","SKU-DUN35_LAB","Labor Energy","LABOR CB DUPLEX 35mm² NEUTRO N²"
5,"DUN50_ALU","ALUFORCE CB DUPLEX 50mm² NEUTRO N²","7896819200051","SKU-0005","Aluforce","ALUFORCE CB DUPLEX 50mm² NEUTRO N²"
163,"DUN50_LAB","LABOR CB DUPLEX 50mm² NEUTRO N²","7896819201638","SKU-DUN50_LAB","Labor Energy","LABOR CB DUPLEX 50mm² NEUTRO N²"
148,"IRIS_ALU","ALUFORCE CB CA IRIS","7896819201485","SKU-IRIS_ALU","Aluforce","ALUFORCE CB CA IRIS"
313,"IRIS_LAB","LABOR CB CA IRIS","7896819203137","SKU-IRIS_LAB","Labor Energy","LABOR CB CA IRIS"
153,"OXLI_ALU","ALUFORCE CB CA OXLIP","7896819201539","SKU-OXLI_ALU","Aluforce","ALUFORCE CB CA OXLIP"
318,"OXLI_LAB","LABOR CB CA OXLIP","7896819203182","SKU-OXLI_LAB","Labor Energy","LABOR CB CA OXLIP"
149,"PANS_ALU","ALUFORCE CB CA PANSY","7896819201492","SKU-PANS_ALU","Aluforce","ALUFORCE CB CA PANSY"
314,"PANS_LAB","LABOR CB CA PANSY","7896819203144","SKU-PANS_LAB","Labor Energy","LABOR CB CA PANSY"
146,"PEAC_ALU","ALUFORCE CB CA PEACHBELL","7896819201461","SKU-PEAC_ALU","Aluforce","ALUFORCE CB CA PEACHBELL"
311,"PEAC_LAB","LABOR CB CA PEACHBELL","7896819203113","SKU-PEAC_LAB","Labor Energy","LABOR CB CA PEACHBELL"
152,"PHLO_ALU","ALUFORCE CB CA PHLOX","7896819201522","SKU-PHLO_ALU","Aluforce","ALUFORCE CB CA PHLOX"
317,"PHLO_LAB","LABOR CB CA PHLOX","7896819203175","SKU-PHLO_LAB","Labor Energy","LABOR CB CA PHLOX"
150,"POPP_ALU","ALUFORCE CB CA POPPY","7896819201508","SKU-POPP_ALU","Aluforce","ALUFORCE CB CA POPPY"
315,"POPP_LAB","LABOR CB CA POPPY","7896819203151","SKU-POPP_LAB","Labor Energy","LABOR CB CA POPPY"
299,"POT10CZ_LAB","LABOR CB DE POT²NCIA 10 mm² 0,6/1KV NBR 7287 AL/XLPE/PVC","7896819202994","SKU-POT10CZ_LAB","Labor Energy","LABOR CB DE POT²NCIA 10 mm² 0,6/1KV NBR 7287 AL/XLPE/PVC"
135,"POT10_ALU","ALUFORCE CB DE POT²NCIA 10 mm² 0,6/1KV NBR 7287 AL/XLPE/PVC","7896819201355","SKU-POT10_ALU","Aluforce","ALUFORCE CB DE POT²NCIA 10 mm² 0,6/1KV NBR 7287 AL/XLPE/PVC"
298,"POT10_LAB","LABOR CB DE POT²NCIA 10 mm² 0,6/1KV NBR 7287 AL/XLPE/PVC","7896819202987","SKU-POT10_LAB","Labor Energy","LABOR CB DE POT²NCIA 10 mm² 0,6/1KV NBR 7287 AL/XLPE/PVC"
142,"POT120_ALU","ALUFORCE CB DE POT²NCIA 120 mm² 0,6/1KV NBR 7287 AL/XLPE/PVC","7896819201423","SKU-POT120_ALU","Aluforce","ALUFORCE CB DE POT²NCIA 120 mm² 0,6/1KV NBR 7287 AL/XLPE/PVC"
307,"POT120_LAB","LABOR CB DE POT²NCIA 120 mm² 0,6/1KV NBR 7287 AL/XLPE/PVC","7896819203076","SKU-POT120_LAB","Labor Energy","LABOR CB DE POT²NCIA 120 mm² 0,6/1KV NBR 7287 AL/XLPE/PVC"
143,"POT150_ALU","ALUFORCE CB DE POT²NCIA 150 mm² 0,6/1KV NBR 7287 AL/XLPE/PVC","7896819201430","SKU-POT150_ALU","Aluforce","ALUFORCE CB DE POT²NCIA 150 mm² 0,6/1KV NBR 7287 AL/XLPE/PVC"
308,"POT150_LAB","LABOR CB DE POT²NCIA 150 mm² 0,6/1KV NBR 7287 AL/XLPE/PVC","7896819203083","SKU-POT150_LAB","Labor Energy","LABOR CB DE POT²NCIA 150 mm² 0,6/1KV NBR 7287 AL/XLPE/PVC"
301,"POT16CZ_LAB","LABOR CB DE POT²NCIA 16 mm² 0,6/1KV NBR 7287 AL/XLPE/PVC","7896819203014","SKU-POT16CZ_LAB","Labor Energy","LABOR CB DE POT²NCIA 16 mm² 0,6/1KV NBR 7287 AL/XLPE/PVC"
136,"POT16_ALU","ALUFORCE CB DE POT²NCIA 16 mm² 0,6/1KV NBR 7287 AL/XLPE/PVC","7896819201362","SKU-POT16_ALU","Aluforce","ALUFORCE CB DE POT²NCIA 16 mm² 0,6/1KV NBR 7287 AL/XLPE/PVC"
300,"POT16_LAB","LABOR CB DE POT²NCIA 16 mm² 0,6/1KV NBR 7287 AL/XLPE/PVC","7896819203007","SKU-POT16_LAB","Labor Energy","LABOR CB DE POT²NCIA 16 mm² 0,6/1KV NBR 7287 AL/XLPE/PVC"
144,"POT185_ALU","ALUFORCE CB DE POT²NCIA 185 mm² 0,6/1KV NBR 7287 AL/XLPE/PVC","7896819201447","SKU-POT185_ALU","Aluforce","ALUFORCE CB DE POT²NCIA 185 mm² 0,6/1KV NBR 7287 AL/XLPE/PVC"
309,"POT185_LAB","LABOR CB DE POT²NCIA 185 mm² 0,6/1KV NBR 7287 AL/XLPE/PVC","7896819203090","SKU-POT185_LAB","Labor Energy","LABOR CB DE POT²NCIA 185 mm² 0,6/1KV NBR 7287 AL/XLPE/PVC"
145,"POT240_ALU","ALUFORCE CB DE POT²NCIA 240 mm² 0,6/1KV NBR 7287 AL/XLPE/PVC","7896819201454","SKU-POT240_ALU","Aluforce","ALUFORCE CB DE POT²NCIA 240 mm² 0,6/1KV NBR 7287 AL/XLPE/PVC"
310,"POT240_LAB","LABOR CB DE POT²NCIA 240 mm² 0,6/1KV NBR 7287 AL/XLPE/PVC","7896819203106","SKU-POT240_LAB","Labor Energy","LABOR CB DE POT²NCIA 240 mm² 0,6/1KV NBR 7287 AL/XLPE/PVC"
137,"POT25_ALU","ALUFORCE CB DE POT²NCIA 25 mm² 0,6/1KV NBR 7287 AL/XLPE/PVC","7896819201379","SKU-POT25_ALU","Aluforce","ALUFORCE CB DE POT²NCIA 25 mm² 0,6/1KV NBR 7287 AL/XLPE/PVC"
302,"POT25_LAB","LABOR CB DE POT²NCIA 25 mm² 0,6/1KV NBR 7287 AL/XLPE/PVC","7896819203021","SKU-POT25_LAB","Labor Energy","LABOR CB DE POT²NCIA 25 mm² 0,6/1KV NBR 7287 AL/XLPE/PVC"
138,"POT35_ALU","ALUFORCE CB DE POT²NCIA 35 mm² 0,6/1KV NBR 7287 AL/XLPE/PVC","7896819201386","SKU-POT35_ALU","Aluforce","ALUFORCE CB DE POT²NCIA 35 mm² 0,6/1KV NBR 7287 AL/XLPE/PVC"
303,"POT35_LAB","LABOR CB DE POT²NCIA 35 mm² 0,6/1KV NBR 7287 AL/XLPE/PVC","7896819203038","SKU-POT35_LAB","Labor Energy","LABOR CB DE POT²NCIA 35 mm² 0,6/1KV NBR 7287 AL/XLPE/PVC"
139,"POT50_ALU","ALUFORCE CB DE POT²NCIA 50 mm² 0,6/1KV NBR 7287 AL/XLPE/PVC","7896819201393","SKU-POT50_ALU","Aluforce","ALUFORCE CB DE POT²NCIA 50 mm² 0,6/1KV NBR 7287 AL/XLPE/PVC"
304,"POT50_LAB","LABOR CB DE POT²NCIA 50 mm² 0,6/1KV NBR 7287 AL/XLPE/PVC","7896819203045","SKU-POT50_LAB","Labor Energy","LABOR CB DE POT²NCIA 50 mm² 0,6/1KV NBR 7287 AL/XLPE/PVC"
140,"POT70_ALU","ALUFORCE CB DE POT²NCIA 70 mm² 0,6/1KV NBR 7287 AL/XLPE/PVC","7896819201409","SKU-POT70_ALU","Aluforce","ALUFORCE CB DE POT²NCIA 70 mm² 0,6/1KV NBR 7287 AL/XLPE/PVC"
305,"POT70_LAB","LABOR CB DE POT²NCIA 70 mm² 0,6/1KV NBR 7287 AL/XLPE/PVC","7896819203052","SKU-POT70_LAB","Labor Energy","LABOR CB DE POT²NCIA 70 mm² 0,6/1KV NBR 7287 AL/XLPE/PVC"
141,"POT95_ALU","ALUFORCE CB DE POT²NCIA 95 mm² 0,6/1KV NBR 7287 AL/XLPE/PVC","7896819201416","SKU-POT95_ALU","Aluforce","ALUFORCE CB DE POT²NCIA 95 mm² 0,6/1KV NBR 7287 AL/XLPE/PVC"
306,"POT95_LAB","LABOR CB DE POT²NCIA 95 mm² 0,6/1KV NBR 7287 AL/XLPE/PVC","7896819203069","SKU-POT95_LAB","Labor Energy","LABOR CB DE POT²NCIA 95 mm² 0,6/1KV NBR 7287 AL/XLPE/PVC"
113,"PRO120_ALU","ALUFORCE CB PROTEGIDO 120mm² 15KV NBR 11873","7896819201133","SKU-PRO120_ALU","Aluforce","ALUFORCE CB PROTEGIDO 120mm² 15KV NBR 11873"
276,"PRO120_LAB","LABOR CB PROTEGIDO 120mm² 15KV NBR 11873","7896819202765","SKU-PRO120_LAB","Labor Energy","LABOR CB PROTEGIDO 120mm² 15KV NBR 11873"
114,"PRO150_ALU","ALUFORCE CB PROTEGIDO 150mm² 15KV NBR 11873","7896819201140","SKU-PRO150_ALU","Aluforce","ALUFORCE CB PROTEGIDO 150mm² 15KV NBR 11873"
277,"PRO150_LAB","LABOR CB PROTEGIDO 150mm² 15KV NBR 11873","7896819202772","SKU-PRO150_LAB","Labor Energy","LABOR CB PROTEGIDO 150mm² 15KV NBR 11873"
115,"PRO185_ALU","ALUFORCE CB PROTEGIDO 185mm² 15KV NBR 11873","7896819201157","SKU-PRO185_ALU","Aluforce","ALUFORCE CB PROTEGIDO 185mm² 15KV NBR 11873"
278,"PRO185_LAB","LABOR CB PROTEGIDO 185mm² 15KV NBR 11873","7896819202789","SKU-PRO185_LAB","Labor Energy","LABOR CB PROTEGIDO 185mm² 15KV NBR 11873"
116,"PRO240_ALU","ALUFORCE CB PROTEGIDO 240mm² 15KV NBR 11873","7896819201164","SKU-PRO240_ALU","Aluforce","ALUFORCE CB PROTEGIDO 240mm² 15KV NBR 11873"
279,"PRO240_LAB","LABOR CB PROTEGIDO 240mm² 15KV NBR 11873","7896819202796","SKU-PRO240_LAB","Labor Energy","LABOR CB PROTEGIDO 240mm² 15KV NBR 11873"
109,"PRO35_ALU","ALUFORCE CB PROTEGIDO 35mm² 15KV NBR 11873","7896819201096","SKU-PRO35_ALU","Aluforce","ALUFORCE CB PROTEGIDO 35mm² 15KV NBR 11873"
272,"PRO35_LAB","LABOR CB PROTEGIDO 35mm² 15KV NBR 11873","7896819202727","SKU-PRO35_LAB","Labor Energy","LABOR CB PROTEGIDO 35mm² 15KV NBR 11873"
110,"PRO50_ALU","ALUFORCE CB PROTEGIDO 50mm² 15KV NBR 11873","7896819201102","SKU-PRO50_ALU","Aluforce","ALUFORCE CB PROTEGIDO 50mm² 15KV NBR 11873"
273,"PRO50_LAB","LABOR CB PROTEGIDO 50mm² 15KV NBR 11873","7896819202734","SKU-PRO50_LAB","Labor Energy","LABOR CB PROTEGIDO 50mm² 15KV NBR 11873"
111,"PRO70_ALU","ALUFORCE CB PROTEGIDO 70mm² 15KV NBR 11873","7896819201119","SKU-PRO70_ALU","Aluforce","ALUFORCE CB PROTEGIDO 70mm² 15KV NBR 11873"
274,"PRO70_LAB","LABOR CB PROTEGIDO 70mm² 15KV NBR 11873","7896819202741","SKU-PRO70_LAB","Labor Energy","LABOR CB PROTEGIDO 70mm² 15KV NBR 11873"
112,"PRO95_ALU","ALUFORCE CB PROTEGIDO 95mm² 15KV NBR 11873","7896819201126","SKU-PRO95_ALU","Aluforce","ALUFORCE CB PROTEGIDO 95mm² 15KV NBR 11873"
275,"PRO95_LAB","LABOR CB PROTEGIDO 95mm² 15KV NBR 11873","7896819202758","SKU-PRO95_LAB","Labor Energy","LABOR CB PROTEGIDO 95mm² 15KV NBR 11873"
73,"QDI10_ALU","ALUFORCE CB QUAD 10mm² NEUTRO ISOLADO","7896819200730","SKU-QDI10_ALU","Aluforce","ALUFORCE CB QUAD 10mm² NEUTRO ISOLADO"
232,"QDI10_LAB","LABOR CB QUAD 10mm² NEUTRO ISOLADO","7896819202321","SKU-QDI10_LAB","Labor Energy","LABOR CB QUAD 10mm² NEUTRO ISOLADO"
86,"QDI120/70_ALU","ALUFORCE CB QUAD 120mm² + 70 mm² NEUTRO ISOLADO","7896819200860","SKU-QDI120/70_ALU","Aluforce","ALUFORCE CB QUAD 120mm² + 70 mm² NEUTRO ISOLADO"
245,"QDI120/70_LAB","LABOR CB QUAD 120mm² + 70 mm² NEUTRO ISOLADO","7896819202451","SKU-QDI120/70_LAB","Labor Energy","LABOR CB QUAD 120mm² + 70 mm² NEUTRO ISOLADO"
87,"QDI120/95_ALU","ALUFORCE CB QUAD 120mm² + 95 mm² NEUTRO ISOLADO","7896819200877","SKU-QDI120/95_ALU","Aluforce","ALUFORCE CB QUAD 120mm² + 95 mm² NEUTRO ISOLADO"
246,"QDI120/95_LAB","LABOR CB QUAD 120mm² + 95 mm² NEUTRO ISOLADO","7896819202468","SKU-QDI120/95_LAB","Labor Energy","LABOR CB QUAD 120mm² + 95 mm² NEUTRO ISOLADO"
88,"QDI120_ALU","ALUFORCE CB QUAD 120mm² NEUTRO ISOLADO","7896819200884","SKU-QDI120_ALU","Aluforce","ALUFORCE CB QUAD 120mm² NEUTRO ISOLADO"
247,"QDI120_LAB","LABOR CB QUAD 120mm² NEUTRO ISOLADO","7896819202475","SKU-QDI120_LAB","Labor Energy","LABOR CB QUAD 120mm² NEUTRO ISOLADO"
90,"QDI150/120_ALU","ALUFORCE CB QUAD 150mm² + 120 mm² NEUTRO ISOLADO","7896819200907","SKU-QDI150/120_ALU","Aluforce","ALUFORCE CB QUAD 150mm² + 120 mm² NEUTRO ISOLADO"
249,"QDI150/120_LAB","LABOR CB QUAD 150mm² + 120 mm² NEUTRO ISOLADO","7896819202499","SKU-QDI150/120_LAB","Labor Energy","LABOR CB QUAD 150mm² + 120 mm² NEUTRO ISOLADO"
89,"QDI150/95_ALU","ALUFORCE CB QUAD 150mm² + 95 mm² NEUTRO ISOLADO","7896819200891","SKU-QDI150/95_ALU","Aluforce","ALUFORCE CB QUAD 150mm² + 95 mm² NEUTRO ISOLADO"
248,"QDI150/95_LAB","LABOR CB QUAD 150mm² + 95 mm² NEUTRO ISOLADO","7896819202482","SKU-QDI150/95_LAB","Labor Energy","LABOR CB QUAD 150mm² + 95 mm² NEUTRO ISOLADO"
91,"QDI150_ALU","ALUFORCE CB QUAD 150mm² NEUTRO ISOLADO","7896819200914","SKU-QDI150_ALU","Aluforce","ALUFORCE CB QUAD 150mm² NEUTRO ISOLADO"
250,"QDI150_LAB","LABOR CB QUAD 150mm² NEUTRO ISOLADO","7896819202505","SKU-QDI150_LAB","Labor Energy","LABOR CB QUAD 150mm² NEUTRO ISOLADO"
74,"QDI16_ALU","ALUFORCE CB QUAD 16mm² NEUTRO ISOLADO","7896819200747","SKU-QDI16_ALU","Aluforce","ALUFORCE CB QUAD 16mm² NEUTRO ISOLADO"
233,"QDI16_LAB","LABOR CB QUAD 16mm² NEUTRO ISOLADO","7896819202338","SKU-QDI16_LAB","Labor Energy","LABOR CB QUAD 16mm² NEUTRO ISOLADO"
92,"QDI185/120_ALU","ALUFORCE CB QUAD 185mm² + 120 mm² NEUTRO ISOLADO","7896819200921","SKU-QDI185/120_ALU","Aluforce","ALUFORCE CB QUAD 185mm² + 120 mm² NEUTRO ISOLADO"
251,"QDI185/120_LAB","LABOR CB QUAD 185mm² + 120 mm² NEUTRO ISOLADO","7896819202512","SKU-QDI185/120_LAB","Labor Energy","LABOR CB QUAD 185mm² + 120 mm² NEUTRO ISOLADO"
93,"QDI185/150_ALU","ALUFORCE CB QUAD 185mm² + 150 mm² NEUTRO ISOLADO","7896819200938","SKU-QDI185/150_ALU","Aluforce","ALUFORCE CB QUAD 185mm² + 150 mm² NEUTRO ISOLADO"
252,"QDI185/150_LAB","LABOR CB QUAD 185mm² + 150 mm² NEUTRO ISOLADO","7896819202529","SKU-QDI185/150_LAB","Labor Energy","LABOR CB QUAD 185mm² + 150 mm² NEUTRO ISOLADO"
94,"QDI185_ALU","ALUFORCE CB QUAD 185mm² NEUTRO ISOLADO","7896819200945","SKU-QDI185_ALU","Aluforce","ALUFORCE CB QUAD 185mm² NEUTRO ISOLADO"
253,"QDI185_LAB","LABOR CB QUAD 185mm² NEUTRO ISOLADO","7896819202536","SKU-QDI185_LAB","Labor Energy","LABOR CB QUAD 185mm² NEUTRO ISOLADO"
95,"QDI240/150_ALU","ALUFORCE CB QUAD 240mm² + 150 mm² NEUTRO ISOLADO","7896819200952","SKU-QDI240/150_ALU","Aluforce","ALUFORCE CB QUAD 240mm² + 150 mm² NEUTRO ISOLADO"
254,"QDI240/150_LAB","LABOR CB QUAD 240mm² + 150 mm² NEUTRO ISOLADO","7896819202543","SKU-QDI240/150_LAB","Labor Energy","LABOR CB QUAD 240mm² + 150 mm² NEUTRO ISOLADO"
96,"QDI240/185_ALU","ALUFORCE CB QUAD 240mm² + 185 mm² NEUTRO ISOLADO","7896819200969","SKU-QDI240/185_ALU","Aluforce","ALUFORCE CB QUAD 240mm² + 185 mm² NEUTRO ISOLADO"
255,"QDI240/185_LAB","LABOR CB QUAD 240mm² + 185 mm² NEUTRO ISOLADO","7896819202550","SKU-QDI240/185_LAB","Labor Energy","LABOR CB QUAD 240mm² + 185 mm² NEUTRO ISOLADO"
97,"QDI240_ALU","ALUFORCE CB QUAD 240mm² NEUTRO ISOLADO","7896819200976","SKU-QDI240_ALU","Aluforce","ALUFORCE CB QUAD 240mm² NEUTRO ISOLADO"
256,"QDI240_LAB","LABOR CB QUAD 240mm² NEUTRO ISOLADO","7896819202567","SKU-QDI240_LAB","Labor Energy","LABOR CB QUAD 240mm² NEUTRO ISOLADO"
75,"QDI25_ALU","ALUFORCE CB QUAD 25mm² NEUTRO ISOLADO","7896819200754","SKU-QDI25_ALU","Aluforce","ALUFORCE CB QUAD 25mm² NEUTRO ISOLADO"
234,"QDI25_LAB","LABOR CB QUAD 25mm² NEUTRO ISOLADO","7896819202345","SKU-QDI25_LAB","Labor Energy","LABOR CB QUAD 25mm² NEUTRO ISOLADO"
77,"QDI35/70_ALU","ALUFORCE CB QUAD 35mm² + 70 mm² NEUTRO ISOLADO","7896819200778","SKU-QDI35/70_ALU","Aluforce","ALUFORCE CB QUAD 35mm² + 70 mm² NEUTRO ISOLADO"
236,"QDI35/70_LAB","LABOR CB QUAD 35mm² + 70 mm² NEUTRO ISOLADO","7896819202369","SKU-QDI35/70_LAB","Labor Energy","LABOR CB QUAD 35mm² + 70 mm² NEUTRO ISOLADO"
76,"QDI35_ALU","ALUFORCE CB QUAD 35mm² NEUTRO ISOLADO","7896819200761","SKU-QDI35_ALU","Aluforce","ALUFORCE CB QUAD 35mm² NEUTRO ISOLADO"
235,"QDI35_LAB","LABOR CB QUAD 35mm² NEUTRO ISOLADO","7896819202352","SKU-QDI35_LAB","Labor Energy","LABOR CB QUAD 35mm² NEUTRO ISOLADO"
78,"QDI50/35_ALU","ALUFORCE CB QUAD 50mm² + 35 mm² NEUTRO ISOLADO","7896819200785","SKU-QDI50/35_ALU","Aluforce","ALUFORCE CB QUAD 50mm² + 35 mm² NEUTRO ISOLADO"
237,"QDI50/35_LAB","LABOR CB QUAD 50mm² + 35 mm² NEUTRO ISOLADO","7896819202376","SKU-QDI50/35_LAB","Labor Energy","LABOR CB QUAD 50mm² + 35 mm² NEUTRO ISOLADO"
80,"QDI50/70_ALU","ALUFORCE CB QUAD 50mm² + 70 mm² NEUTRO ISOLADO","7896819200808","SKU-QDI50/70_ALU","Aluforce","ALUFORCE CB QUAD 50mm² + 70 mm² NEUTRO ISOLADO"
239,"QDI50/70_LAB","LABOR CB QUAD 50mm² + 70 mm² NEUTRO ISOLADO","7896819202390","SKU-QDI50/70_LAB","Labor Energy","LABOR CB QUAD 50mm² + 70 mm² NEUTRO ISOLADO"
79,"QDI50_ALU","ALUFORCE CB QUAD 50mm² NEUTRO ISOLADO","7896819200792","SKU-QDI50_ALU","Aluforce","ALUFORCE CB QUAD 50mm² NEUTRO ISOLADO"
238,"QDI50_LAB","LABOR CB QUAD 50mm² NEUTRO ISOLADO","7896819202383","SKU-QDI50_LAB","Labor Energy","LABOR CB QUAD 50mm² NEUTRO ISOLADO"
81,"QDI70/35_ALU","ALUFORCE CB QUAD 70mm² + 35 mm² NEUTRO ISOLADO","7896819200815","SKU-QDI70/35_ALU","Aluforce","ALUFORCE CB QUAD 70mm² + 35 mm² NEUTRO ISOLADO"
240,"QDI70/35_LAB","LABOR CB QUAD 70mm² + 35 mm² NEUTRO ISOLADO","7896819202406","SKU-QDI70/35_LAB","Labor Energy","LABOR CB QUAD 70mm² + 35 mm² NEUTRO ISOLADO"
82,"QDI70/50_ALU","ALUFORCE CB QUAD 70mm² + 50 mm² NEUTRO ISOLADO","7896819200822","SKU-QDI70/50_ALU","Aluforce","ALUFORCE CB QUAD 70mm² + 50 mm² NEUTRO ISOLADO"
241,"QDI70/50_LAB","LABOR CB QUAD 70mm² + 50 mm² NEUTRO ISOLADO","7896819202413","SKU-QDI70/50_LAB","Labor Energy","LABOR CB QUAD 70mm² + 50 mm² NEUTRO ISOLADO"
83,"QDI70_ALU","ALUFORCE CB QUAD 70mm² NEUTRO ISOLADO","7896819200839","SKU-QDI70_ALU","Aluforce","ALUFORCE CB QUAD 70mm² NEUTRO ISOLADO"
242,"QDI70_LAB","LABOR CB QUAD 70mm² NEUTRO ISOLADO","7896819202420","SKU-QDI70_LAB","Labor Energy","LABOR CB QUAD 70mm² NEUTRO ISOLADO"
84,"QDI95/70_ALU","ALUFORCE CB QUAD 95mm² + 70 mm² NEUTRO ISOLADO","7896819200846","SKU-QDI95/70_ALU","Aluforce","ALUFORCE CB QUAD 95mm² + 70 mm² NEUTRO ISOLADO"
243,"QDI95/70_LAB","LABOR CB QUAD 95mm² + 70 mm² NEUTRO ISOLADO","7896819202437","SKU-QDI95/70_LAB","Labor Energy","LABOR CB QUAD 95mm² + 70 mm² NEUTRO ISOLADO"
85,"QDI95_ALU","ALUFORCE CB QUAD 95mm² NEUTRO ISOLADO","7896819200853","SKU-QDI95_ALU","Aluforce","ALUFORCE CB QUAD 95mm² NEUTRO ISOLADO"
244,"QDI95_LAB","LABOR CB QUAD 95mm² NEUTRO ISOLADO","7896819202444","SKU-QDI95_LAB","Labor Energy","LABOR CB QUAD 95mm² NEUTRO ISOLADO"
47,"QDN10_ALU","ALUFORCE CB QUAD 10mm² NEUTRO N²","7896819200471","SKU-QDN10_ALU","Aluforce","ALUFORCE CB QUAD 10mm² NEUTRO N²"
205,"QDN10_LAB","LABOR CB QUAD 10mm² NEUTRO N²","7896819202055","SKU-QDN10_LAB","Labor Energy","LABOR CB QUAD 10mm² NEUTRO N²"
61,"QDN120/70_ALU","ALUFORCE CB QUAD 120mm² + 70 mm² NEUTRO N²","7896819200617","SKU-QDN120/70_ALU","Aluforce","ALUFORCE CB QUAD 120mm² + 70 mm² NEUTRO N²"
220,"QDN120/70_LAB","LABOR CB QUAD 120mm² + 70 mm² NEUTRO N²","7896819202208","SKU-QDN120/70_LAB","Labor Energy","LABOR CB QUAD 120mm² + 70 mm² NEUTRO N²"
62,"QDN120/95_ALU","ALUFORCE CB QUAD 120mm² + 95 mm² NEUTRO N²","7896819200624","SKU-QDN120/95_ALU","Aluforce","ALUFORCE CB QUAD 120mm² + 95 mm² NEUTRO N²"
221,"QDN120/95_LAB","LABOR CB QUAD 120mm² + 95 mm² NEUTRO N²","7896819202215","SKU-QDN120/95_LAB","Labor Energy","LABOR CB QUAD 120mm² + 95 mm² NEUTRO N²"
63,"QDN120_ALU","ALUFORCE CB QUAD 120mm² NEUTRO N²","7896819200631","SKU-QDN120_ALU","Aluforce","ALUFORCE CB QUAD 120mm² NEUTRO N²"
222,"QDN120_LAB","LABOR CB QUAD 120mm² NEUTRO N²","7896819202222","SKU-QDN120_LAB","Labor Energy","LABOR CB QUAD 120mm² NEUTRO N²"
65,"QDN150/120_ALU","ALUFORCE CB QUAD 150mm² + 120 mm² NEUTRO N²","7896819200655","SKU-QDN150/120_ALU","Aluforce","ALUFORCE CB QUAD 150mm² + 120 mm² NEUTRO N²"
224,"QDN150/120_LAB","LABOR CB QUAD 150mm² + 120 mm² NEUTRO N²","7896819202246","SKU-QDN150/120_LAB","Labor Energy","LABOR CB QUAD 150mm² + 120 mm² NEUTRO N²"
158,"QDN150/70_ALU","ALUFORCE CB QUAD 150mm² + 70 mm² NEUTRO N²","7896819201584","SKU-QDN150/70_ALU","Aluforce","ALUFORCE CB QUAD 150mm² + 70 mm² NEUTRO N²"
323,"QDN150/70_LAB","LABOR CB QUAD 150mm² + 70 mm² NEUTRO N²","7896819203236","SKU-QDN150/70_LAB","Labor Energy","LABOR CB QUAD 150mm² + 70 mm² NEUTRO N²"
64,"QDN150/95_ALU","ALUFORCE CB QUAD 150mm² + 95 mm² NEUTRO N²","7896819200648","SKU-QDN150/95_ALU","Aluforce","ALUFORCE CB QUAD 150mm² + 95 mm² NEUTRO N²"
223,"QDN150/95_LAB","LABOR CB QUAD 150mm² + 95 mm² NEUTRO N²","7896819202239","SKU-QDN150/95_LAB","Labor Energy","LABOR CB QUAD 150mm² + 95 mm² NEUTRO N²"
66,"QDN150_ALU","ALUFORCE CB QUAD 150mm² NEUTRO N²","7896819200662","SKU-QDN150_ALU","Aluforce","ALUFORCE CB QUAD 150mm² NEUTRO N²"
225,"QDN150_LAB","LABOR CB QUAD 150mm² NEUTRO N²","7896819202253","SKU-QDN150_LAB","Labor Energy","LABOR CB QUAD 150mm² NEUTRO N²"
48,"QDN16_ALU","ALUFORCE CB QUAD 16mm² NEUTRO N²","7896819200488","SKU-QDN16_ALU","Aluforce","ALUFORCE CB QUAD 16mm² NEUTRO N²"
206,"QDN16_LAB","LABOR CB QUAD 16mm² NEUTRO N²","7896819202062","SKU-QDN16_LAB","Labor Energy","LABOR CB QUAD 16mm² NEUTRO N²"
67,"QDN185/120_ALU","ALUFORCE CB QUAD 185mm² + 120 mm² NEUTRO N²","7896819200679","SKU-QDN185/120_ALU","Aluforce","ALUFORCE CB QUAD 185mm² + 120 mm² NEUTRO N²"
226,"QDN185/120_LAB","LABOR CB QUAD 185mm² + 120 mm² NEUTRO N²","7896819202260","SKU-QDN185/120_LAB","Labor Energy","LABOR CB QUAD 185mm² + 120 mm² NEUTRO N²"
68,"QDN185/150_ALU","ALUFORCE CB QUAD 185mm² + 150 mm² NEUTRO N²","7896819200686","SKU-QDN185/150_ALU","Aluforce","ALUFORCE CB QUAD 185mm² + 150 mm² NEUTRO N²"
227,"QDN185/150_LAB","LABOR CB QUAD 185mm² + 150 mm² NEUTRO N²","7896819202277","SKU-QDN185/150_LAB","Labor Energy","LABOR CB QUAD 185mm² + 150 mm² NEUTRO N²"
69,"QDN185_ALU","ALUFORCE CB QUAD 185mm² NEUTRO N²","7896819200693","SKU-QDN185_ALU","Aluforce","ALUFORCE CB QUAD 185mm² NEUTRO N²"
228,"QDN185_LAB","LABOR CB QUAD 185mm² NEUTRO N²","7896819202284","SKU-QDN185_LAB","Labor Energy","LABOR CB QUAD 185mm² NEUTRO N²"
70,"QDN240/150_ALU","ALUFORCE CB QUAD 240mm² + 150 mm² NEUTRO N²","7896819200709","SKU-QDN240/150_ALU","Aluforce","ALUFORCE CB QUAD 240mm² + 150 mm² NEUTRO N²"
229,"QDN240/150_LAB","LABOR CB QUAD 240mm² + 150 mm² NEUTRO N²","7896819202291","SKU-QDN240/150_LAB","Labor Energy","LABOR CB QUAD 240mm² + 150 mm² NEUTRO N²"
71,"QDN240/185_ALU","ALUFORCR CB QUAD 240mm² + 185 mm² NEUTRO N²","7896819200716","SKU-QDN240/185_ALU","Aluforce","ALUFORCR CB QUAD 240mm² + 185 mm² NEUTRO N²"
230,"QDN240/185_LAB","LABOR CB QUAD 240mm² + 185 mm² NEUTRO N²","7896819202307","SKU-QDN240/185_LAB","Labor Energy","LABOR CB QUAD 240mm² + 185 mm² NEUTRO N²"
72,"QDN240_ALU","ALUFORCE CB QUAD 240mm² NEUTRO N²","7896819200723","SKU-QDN240_ALU","Aluforce","ALUFORCE CB QUAD 240mm² NEUTRO N²"
231,"QDN240_LAB","LABOR CB QUAD 240mm² NEUTRO N²","7896819202314","SKU-QDN240_LAB","Labor Energy","LABOR CB QUAD 240mm² NEUTRO N²"
49,"QDN25_ALU","ALUFORCE CB QUAD 25mm² NEUTRO N²","7896819200495","SKU-QDN25_ALU","Aluforce","ALUFORCE CB QUAD 25mm² NEUTRO N²"
207,"QDN25_LAB","LABOR CB QUAD 25mm² NEUTRO N²","7896819202079","SKU-QDN25_LAB","Labor Energy","LABOR CB QUAD 25mm² NEUTRO N²"
51,"QDN35/70_ALU","ALUFORCE CB QUAD 35mm² + 70 mm² NEUTRO N²","7896819200518","SKU-QDN35/70_ALU","Aluforce","ALUFORCE CB QUAD 35mm² + 70 mm² NEUTRO N²"
209,"QDN35/70_LAB","LABOR CB QUAD 35mm² + 70 mm² NEUTRO N²","7896819202093","SKU-QDN35/70_LAB","Labor Energy","LABOR CB QUAD 35mm² + 70 mm² NEUTRO N²"
50,"QDN35_ALU","ALUFORCE CB QUAD 35mm² NEUTRO N²","7896819200501","SKU-QDN35_ALU","Aluforce","ALUFORCE CB QUAD 35mm² NEUTRO N²"
208,"QDN35_LAB","LABOR CB QUAD 35mm² NEUTRO N²","7896819202086","SKU-QDN35_LAB","Labor Energy","LABOR CB QUAD 35mm² NEUTRO N²"
52,"QDN50/35_ALU","ALUFORCE CB QUAD 50mm² + 35 mm² NEUTRO N²","7896819200525","SKU-QDN50/35_ALU","Aluforce","ALUFORCE CB QUAD 50mm² + 35 mm² NEUTRO N²"
210,"QDN50/35_LAB","LABOR CB QUAD 50mm² + 35 mm² NEUTRO N²","7896819202109","SKU-QDN50/35_LAB","Labor Energy","LABOR CB QUAD 50mm² + 35 mm² NEUTRO N²"
54,"QDN50/70_ALU","ALUFORCE CB QUAD 50mm² + 70 mm² NEUTRO N²","7896819200549","SKU-QDN50/70_ALU","Aluforce","ALUFORCE CB QUAD 50mm² + 70 mm² NEUTRO N²"
212,"QDN50/70_LAB","LABOR CB QUAD 50mm² + 70 mm² NEUTRO N²","7896819202123","SKU-QDN50/70_LAB","Labor Energy","LABOR CB QUAD 50mm² + 70 mm² NEUTRO N²"
53,"QDN50_ALU","ALUFORCE CB QUAD 50mm² NEUTRO N²","7896819200532","SKU-QDN50_ALU","Aluforce","ALUFORCE CB QUAD 50mm² NEUTRO N²"
211,"QDN50_LAB","LABOR CB QUAD 50mm² NEUTRO N²","7896819202116","SKU-QDN50_LAB","Labor Energy","LABOR CB QUAD 50mm² NEUTRO N²"
56,"QDN70/35_ALU","ALUFORCE CB QUAD 70mm² + 35 mm² NEUTRO N²","7896819200563","SKU-QDN70/35_ALU","Aluforce","ALUFORCE CB QUAD 70mm² + 35 mm² NEUTRO N²"
214,"QDN70/35_LAB","LABOR CB QUAD 70mm² + 35 mm² NEUTRO N²","7896819202147","SKU-QDN70/35_LAB","Labor Energy","LABOR CB QUAD 70mm² + 35 mm² NEUTRO N²"
57,"QDN70/50_ALU","ALUFORCE CB QUAD 70mm² + 50 mm² NEUTRO N²","7896819200570","SKU-QDN70/50_ALU","Aluforce","ALUFORCE CB QUAD 70mm² + 50 mm² NEUTRO N²"
215,"QDN70/50_LAB","LABOR CB QUAD 70mm² + 50 mm² NEUTRO N²","7896819202154","SKU-QDN70/50_LAB","Labor Energy","LABOR CB QUAD 70mm² + 50 mm² NEUTRO N²"
58,"QDN70_ALU","ALUFORCE CB QUAD 70mm² NEUTRO N²","7896819200587","SKU-QDN70_ALU","Aluforce","ALUFORCE CB QUAD 70mm² NEUTRO N²"
216,"QDN70_LAB","LABOR CB QUAD 70mm² NEUTRO N²","7896819202161","SKU-QDN70_LAB","Labor Energy","LABOR CB QUAD 70mm² NEUTRO N²"
218,"QDN95/70M_LAB","MATRIX 95mm² + 70mm² AL XLPE CA 0,6/1 kV 2025 NBR 8182","7896819202185","SKU-QDN95/70M_LAB","Labor Energy","MATRIX 95mm² + 70mm² AL XLPE CA 0,6/1 kV 2025 NBR 8182"
59,"QDN95/70_ALU","ALUFORCE CB QUAD 95mm² + 70 mm² NEUTRO N²","7896819200594","SKU-QDN95/70_ALU","Aluforce","ALUFORCE CB QUAD 95mm² + 70 mm² NEUTRO N²"
217,"QDN95/70_LAB","LABOR CB QUAD 95mm² + 70 mm² NEUTRO N²","7896819202178","SKU-QDN95/70_LAB","Labor Energy","LABOR CB QUAD 95mm² + 70 mm² NEUTRO N²"
60,"QDN95_ALU","ALUFORCE CB QUAD 95mm² NEUTRO N²","7896819200600","SKU-QDN95_ALU","Aluforce","ALUFORCE CB QUAD 95mm² NEUTRO N²"
219,"QDN95_LAB","LABOR CB QUAD 95mm² NEUTRO N²","7896819202192","SKU-QDN95_LAB","Labor Energy","LABOR CB QUAD 95mm² NEUTRO N²"
147,"ROSE_ALU","ALUFORCE CB CA ROSE","7896819201478","SKU-ROSE_ALU","Aluforce","ALUFORCE CB CA ROSE"
312,"ROSE_LAB","LABOR CB CA ROSE","7896819203120","SKU-ROSE_LAB","Labor Energy","LABOR CB CA ROSE"
154,"SNEE_ALU","ALUFORCE CB CA SNEEZEWORT","7896819201546","SKU-SNEE_ALU","Aluforce","ALUFORCE CB CA SNEEZEWORT"
319,"SNEE_LAB","LABOR CB CA SNEEZEWORT","7896819203199","SKU-SNEE_LAB","Labor Energy","LABOR CB CA SNEEZEWORT"
29,"TRI10_ALU","ALUFORCE CB TRIPLEX 10mm² NEUTRO ISOLADO","7896819200297","SKU-TRI10_ALU","Aluforce","ALUFORCE CB TRIPLEX 10mm² NEUTRO ISOLADO"
187,"TRI10_LAB","LABOR CB TRIPLEX 10mm² NEUTRO ISOLADO","7896819201874","SKU-TRI10_LAB","Labor Energy","LABOR CB TRIPLEX 10mm² NEUTRO ISOLADO"
38,"TRI120/70_ALU","ALUFORCE CB TRIPLEX 120mm² + 70mm² NEUTRO ISOLADO","7896819200389","SKU-TRI120/70_ALU","Aluforce","ALUFORCE CB TRIPLEX 120mm² + 70mm² NEUTRO ISOLADO"
196,"TRI120/70_LAB","LABOR CB TRIPLEX 120mm² + 70mm² NEUTRO ISOLADO","7896819201966","SKU-TRI120/70_LAB","Labor Energy","LABOR CB TRIPLEX 120mm² + 70mm² NEUTRO ISOLADO"
39,"TRI120/95_ALU","ALUFORCE CB TRIPLEX 120mm² + 95mm² NEUTRO ISOLADO","7896819200396","SKU-TRI120/95_ALU","Aluforce","ALUFORCE CB TRIPLEX 120mm² + 95mm² NEUTRO ISOLADO"
197,"TRI120/95_LAB","LABOR CB TRIPLEX 120mm² + 95mm² NEUTRO ISOLADO","7896819201973","SKU-TRI120/95_LAB","Labor Energy","LABOR CB TRIPLEX 120mm² + 95mm² NEUTRO ISOLADO"
40,"TRI120_ALU","ALUFORCE CB TRIPLEX 120mm² NEUTRO ISOLADO","7896819200402","SKU-TRI120_ALU","Aluforce","ALUFORCE CB TRIPLEX 120mm² NEUTRO ISOLADO"
198,"TRI120_LAB","LABOR CB TRIPLEX 120mm² NEUTRO ISOLADO","7896819201980","SKU-TRI120_LAB","Labor Energy","LABOR CB TRIPLEX 120mm² NEUTRO ISOLADO"
42,"TRI150/120_ALU","ALUFORCE CB TRIPLEX 150mm² + 120mm² NEUTRO ISOLADO","7896819200426","SKU-TRI150/120_ALU","Aluforce","ALUFORCE CB TRIPLEX 150mm² + 120mm² NEUTRO ISOLADO"
200,"TRI150/120_LAB","LABOR CB TRIPLEX 150mm² + 120mm² NEUTRO ISOLADO","7896819202000","SKU-TRI150/120_LAB","Labor Energy","LABOR CB TRIPLEX 150mm² + 120mm² NEUTRO ISOLADO"
41,"TRI150/95_ALU","ALUFORCE CB TRIPLEX 150mm² + 95mm² NEUTRO ISOLADO","7896819200419","SKU-TRI150/95_ALU","Aluforce","ALUFORCE CB TRIPLEX 150mm² + 95mm² NEUTRO ISOLADO"
199,"TRI150/95_LAB","LABOR CB TRIPLEX 150mm² + 95mm² NEUTRO ISOLADO","7896819201997","SKU-TRI150/95_LAB","Labor Energy","LABOR CB TRIPLEX 150mm² + 95mm² NEUTRO ISOLADO"
43,"TRI150_ALU","ALUFORCE CB TRIPLEX 150mm² NEUTRO ISOLADO","7896819200433","SKU-TRI150_ALU","Aluforce","ALUFORCE CB TRIPLEX 150mm² NEUTRO ISOLADO"
201,"TRI150_LAB","LABOR CB TRIPLEX 150mm² NEUTRO ISOLADO","7896819202017","SKU-TRI150_LAB","Labor Energy","LABOR CB TRIPLEX 150mm² NEUTRO ISOLADO"
30,"TRI16_ALU","ALUFORCE CB TRIPLEX 16mm² NEUTRO ISOLADO","7896819200303","SKU-TRI16_ALU","Aluforce","ALUFORCE CB TRIPLEX 16mm² NEUTRO ISOLADO"
188,"TRI16_LAB","LABOR CB TRIPLEX 16mm² NEUTRO ISOLADO","7896819201881","SKU-TRI16_LAB","Labor Energy","LABOR CB TRIPLEX 16mm² NEUTRO ISOLADO"
44,"TRI185/120_ALU","ALUFORCE CB TRIPLEX 185mm² + 120mm² NEUTRO ISOLADO","7896819200440","SKU-TRI185/120_ALU","Aluforce","ALUFORCE CB TRIPLEX 185mm² + 120mm² NEUTRO ISOLADO"
202,"TRI185/120_LAB","LABOR CB TRIPLEX 185mm² + 120mm² NEUTRO ISOLADO","7896819202024","SKU-TRI185/120_LAB","Labor Energy","LABOR CB TRIPLEX 185mm² + 120mm² NEUTRO ISOLADO"
45,"TRI185/150_ALU","ALUFORCE CB TRIPLEX 185mm² + 150mm² NEUTRO ISOLADO","7896819200457","SKU-TRI185/150_ALU","Aluforce","ALUFORCE CB TRIPLEX 185mm² + 150mm² NEUTRO ISOLADO"
203,"TRI185/150_LAB","LABOR CB TRIPLEX 185mm² + 150mm² NEUTRO ISOLADO","7896819202031","SKU-TRI185/150_LAB","Labor Energy","LABOR CB TRIPLEX 185mm² + 150mm² NEUTRO ISOLADO"
46,"TRI185_ALU","ALUFORCR CB TRIPLEX 185mm² NEUTRO ISOLADO","7896819200464","SKU-TRI185_ALU","Aluforce","ALUFORCR CB TRIPLEX 185mm² NEUTRO ISOLADO"
204,"TRI185_LAB","LABOR CB TRIPLEX 185mm² NEUTRO ISOLADO","7896819202048","SKU-TRI185_LAB","Labor Energy","LABOR CB TRIPLEX 185mm² NEUTRO ISOLADO"
31,"TRI25_ALU","ALUFORCE CB TRIPLEX 25mm² NEUTRO ISOLADO","7896819200310","SKU-TRI25_ALU","Aluforce","ALUFORCE CB TRIPLEX 25mm² NEUTRO ISOLADO"
189,"TRI25_LAB","LABOR CB TRIPLEX 25mm² NEUTRO ISOLADO","7896819201898","SKU-TRI25_LAB","Labor Energy","LABOR CB TRIPLEX 25mm² NEUTRO ISOLADO"
33,"TRI35_ALU","ALUFORCE CB TRIPLEX 35mm² NEUTRO ISOLADO","7896819200334","SKU-TRI35_ALU","Aluforce","ALUFORCE CB TRIPLEX 35mm² NEUTRO ISOLADO"
190,"TRI35_LAB","LABOR CB TRIPLEX 35mm² NEUTRO ISOLADO","7896819201904","SKU-TRI35_LAB","Labor Energy","LABOR CB TRIPLEX 35mm² NEUTRO ISOLADO"
32,"TRI50/35_ALU","ALUFORCE CB TRIPLEX 50mm² NEUTRO ISOLADO","7896819200327","SKU-TRI50/35_ALU","Aluforce","ALUFORCE CB TRIPLEX 50mm² NEUTRO ISOLADO"
34,"TRI50_ALU","ALUFORCE CB TRIPLEX 50mm² NEUTRO ISOLADO","7896819200341","SKU-TRI50_ALU","Aluforce","ALUFORCE CB TRIPLEX 50mm² NEUTRO ISOLADO"
191,"TRI50_LAB","LABOR CB TRIPLEX 50mm² NEUTRO ISOLADO","7896819201911","SKU-TRI50_LAB","Labor Energy","LABOR CB TRIPLEX 50mm² NEUTRO ISOLADO"
192,"TRI70N_LAB","LABOR CB TRIPLEX 70mm² NEUTRO ISOLADO","7896819201928","SKU-TRI70N_LAB","Labor Energy","LABOR CB TRIPLEX 70mm² NEUTRO ISOLADO"
35,"TRI70_ALU","ALUFORCE CB TRIPLEX 70mm² NEUTRO ISOLADO","7896819200358","SKU-TRI70_ALU","Aluforce","ALUFORCE CB TRIPLEX 70mm² NEUTRO ISOLADO"
193,"TRI70_LAB","LABOR CB TRIPLEX 70mm² NEUTRO ISOLADO","7896819201935","SKU-TRI70_LAB","Labor Energy","LABOR CB TRIPLEX 70mm² NEUTRO ISOLADO"
36,"TRI95/70_ALU","ALUFORCE CB TRIPLEX 95mm² + 70mm² NEUTRO ISOLADO","7896819200365","SKU-TRI95/70_ALU","Aluforce","ALUFORCE CB TRIPLEX 95mm² + 70mm² NEUTRO ISOLADO"
194,"TRI95/70_LAB","LABOR CB TRIPLEX 95mm² + 70mm² NEUTRO ISOLADO","7896819201942","SKU-TRI95/70_LAB","Labor Energy","LABOR CB TRIPLEX 95mm² + 70mm² NEUTRO ISOLADO"
37,"TRI95_ALU","ALUFORCE CB TRIPLEX 95mm² NEUTRO ISOLADO","7896819200372","SKU-TRI95_ALU","Aluforce","ALUFORCE CB TRIPLEX 95mm² NEUTRO ISOLADO"
195,"TRI95_LAB","LABOR CB TRIPLEX 95mm² NEUTRO ISOLADO","7896819201959","SKU-TRI95_LAB","Labor Energy","LABOR CB TRIPLEX 95mm² NEUTRO ISOLADO"
11,"TRN10_ALU","ALUFORCE CB TRIPLEX 10mm² NEUTRO N²","7896819200112","SKU-TRN10_ALU","Aluforce","ALUFORCE CB TRIPLEX 10mm² NEUTRO N²"
169,"TRN10_LAB","LABOR CB TRIPLEX 10mm² NEUTRO N²","7896819201690","SKU-TRN10_LAB","Labor Energy","LABOR CB TRIPLEX 10mm² NEUTRO N²"
20,"TRN120/70_ALU","ALUFORCE CB TRIPLEX 120mm² + 70mm² NEUTRO N²","7896819200204","SKU-TRN120/70_ALU","Aluforce","ALUFORCE CB TRIPLEX 120mm² + 70mm² NEUTRO N²"
178,"TRN120/70_LAB","LABOR CB TRIPLEX 120mm² + 70mm² NEUTRO N²","7896819201782","SKU-TRN120/70_LAB","Labor Energy","LABOR CB TRIPLEX 120mm² + 70mm² NEUTRO N²"
21,"TRN120/95_ALU","ALUFORCE CB TRIPLEX 120mm² + 95mm² NEUTRO N²","7896819200211","SKU-TRN120/95_ALU","Aluforce","ALUFORCE CB TRIPLEX 120mm² + 95mm² NEUTRO N²"
179,"TRN120/95_LAB","LABOR CB TRIPLEX 120mm² + 95mm² NEUTRO N²","7896819201799","SKU-TRN120/95_LAB","Labor Energy","LABOR CB TRIPLEX 120mm² + 95mm² NEUTRO N²"
22,"TRN120_ALU","ALUFORCE CB TRIPLEX 120mm² NEUTRO N²","7896819200228","SKU-TRN120_ALU","Aluforce","ALUFORCE CB TRIPLEX 120mm² NEUTRO N²"
180,"TRN120_LAB","LABOR CB TRIPLEX 120mm² NEUTRO N²","7896819201805","SKU-TRN120_LAB","Labor Energy","LABOR CB TRIPLEX 120mm² NEUTRO N²"
24,"TRN150/120_ALU","ALUFORCE CB TRIPLEX 150mm² + 120mm² NEUTRO N²","7896819200242","SKU-TRN150/120_ALU","Aluforce","ALUFORCE CB TRIPLEX 150mm² + 120mm² NEUTRO N²"
182,"TRN150/120_LAB","LABOR CB TRIPLEX 150mm² + 120mm² NEUTRO N²","7896819201829","SKU-TRN150/120_LAB","Labor Energy","LABOR CB TRIPLEX 150mm² + 120mm² NEUTRO N²"
23,"TRN150/95_ALU","ALUFORCE CB TRIPLEX 150mm² + 95mm² NEUTRO N²","7896819200235","SKU-TRN150/95_ALU","Aluforce","ALUFORCE CB TRIPLEX 150mm² + 95mm² NEUTRO N²"
181,"TRN150/95_LAB","LABOR CB TRIPLEX 150mm² + 95mm² NEUTRO N²","7896819201812","SKU-TRN150/95_LAB","Labor Energy","LABOR CB TRIPLEX 150mm² + 95mm² NEUTRO N²"
25,"TRN150_ALU","ALUFORCE CB TRIPLEX 150mm² NEUTRO N²","7896819200259","SKU-TRN150_ALU","Aluforce","ALUFORCE CB TRIPLEX 150mm² NEUTRO N²"
183,"TRN150_LAB","LABOR CB TRIPLEX 150mm² NEUTRO N²","7896819201836","SKU-TRN150_LAB","Labor Energy","LABOR CB TRIPLEX 150mm² NEUTRO N²"
171,"TRN16V_LAB","VIMACOM CB TRIPLEX 16mm² NEUTRO N²","7896819201713","SKU-TRN16V_LAB","Labor Energy","VIMACOM CB TRIPLEX 16mm² NEUTRO N²"
12,"TRN16_ALU","ALUFORCE CB TRIPLEX 16mm² NEUTRO N²","7896819200129","SKU-TRN16_ALU","Aluforce","ALUFORCE CB TRIPLEX 16mm² NEUTRO N²"
170,"TRN16_LAB","LABOR CB TRIPLEX 16mm² NEUTRO N²","7896819201706","SKU-TRN16_LAB","Labor Energy","LABOR CB TRIPLEX 16mm² NEUTRO N²"
26,"TRN185/120_ALU","ALUFORCE CB TRIPLEX 185mm² + 120mm² NEUTRO N²","7896819200266","SKU-TRN185/120_ALU","Aluforce","ALUFORCE CB TRIPLEX 185mm² + 120mm² NEUTRO N²"
184,"TRN185/120_LAB","LABOR CB TRIPLEX 185mm² + 120mm² NEUTRO N²","7896819201843","SKU-TRN185/120_LAB","Labor Energy","LABOR CB TRIPLEX 185mm² + 120mm² NEUTRO N²"
27,"TRN185/150_ALU","ALUFORCE CB TRIPLEX 185mm² + 150mm² NEUTRO N²","7896819200273","SKU-TRN185/150_ALU","Aluforce","ALUFORCE CB TRIPLEX 185mm² + 150mm² NEUTRO N²"
185,"TRN185/150_LAB","LABOR CB TRIPLEX 185mm² + 150mm² NEUTRO N²","7896819201850","SKU-TRN185/150_LAB","Labor Energy","LABOR CB TRIPLEX 185mm² + 150mm² NEUTRO N²"
28,"TRN185_ALU","ALUFORCE CB TRIPLEX 185mm² NEUTRO N²","7896819200280","SKU-TRN185_ALU","Aluforce","ALUFORCE CB TRIPLEX 185mm² NEUTRO N²"
186,"TRN185_LAB","LABOR CB TRIPLEX 185mm² NEUTRO N²","7896819201867","SKU-TRN185_LAB","Labor Energy","LABOR CB TRIPLEX 185mm² NEUTRO N²"
13,"TRN25_ALU","ALUFORCE CB TRIPLEX 25mm² NEUTRO N²","7896819200136","SKU-TRN25_ALU","Aluforce","ALUFORCE CB TRIPLEX 25mm² NEUTRO N²"
172,"TRN25_LAB","LABOR CB TRIPLEX 25mm² NEUTRO N²","7896819201720","SKU-TRN25_LAB","Labor Energy","LABOR CB TRIPLEX 25mm² NEUTRO N²"
14,"TRN35_ALU","ALUFORCE CB TRIPLEX 35mm² NEUTRO N²","7896819200143","SKU-TRN35_ALU","Aluforce","ALUFORCE CB TRIPLEX 35mm² NEUTRO N²"
173,"TRN35_LAB","LABOR CB TRIPLEX 35mm² NEUTRO N²","7896819201737","SKU-TRN35_LAB","Labor Energy","LABOR CB TRIPLEX 35mm² NEUTRO N²"
16,"TRN50/35_ALU","ALUFORCE CB TRIPLEX 50mm² + 35mm² NEUTRO N²","7896819200167","SKU-TRN50/35_ALU","Aluforce","ALUFORCE CB TRIPLEX 50mm² + 35mm² NEUTRO N²"
15,"TRN50_ALU","ALUFORCE CB TRIPLEX 50mm² NEUTRO N²","7896819200150","SKU-TRN50_ALU","Aluforce","ALUFORCE CB TRIPLEX 50mm² NEUTRO N²"
174,"TRN50_LAB","LABOR CB TRIPLEX 50mm² NEUTRO N²","7896819201744","SKU-TRN50_LAB","Labor Energy","LABOR CB TRIPLEX 50mm² NEUTRO N²"
17,"TRN70_ALU","ALUFORCE CB TRIPLEX 70mm² NEUTRO N²","7896819200174","SKU-TRN70_ALU","Aluforce","ALUFORCE CB TRIPLEX 70mm² NEUTRO N²"
175,"TRN70_LAB","LABOR CB TRIPLEX 70mm² NEUTRO N²","7896819201751","SKU-TRN70_LAB","Labor Energy","LABOR CB TRIPLEX 70mm² NEUTRO N²"
18,"TRN95/70_ALU","ALUFORCE CB TRIPLEX 95mm² + 70mm² NEUTRO N²","7896819200181","SKU-TRN95/70_ALU","Aluforce","ALUFORCE CB TRIPLEX 95mm² + 70mm² NEUTRO N²"
176,"TRN95/70_LAB","LABOR CB TRIPLEX 95mm² + 70mm² NEUTRO N²","7896819201768","SKU-TRN95/70_LAB","Labor Energy","LABOR CB TRIPLEX 95mm² + 70mm² NEUTRO N²"
19,"TRN95_ALU","ALUFORCE CB TRIPLEX 95mm² NEUTRO N²","7896819200198","SKU-TRN95_ALU","Aluforce","ALUFORCE CB TRIPLEX 95mm² NEUTRO N²"
177,"TRN95_LAB","LABOR CB TRIPLEX 95mm² NEUTRO N²","7896819201775","SKU-TRN95_LAB","Labor Energy","LABOR CB TRIPLEX 95mm² NEUTRO N²"
98,"UN10_ALU","ALUFORCE CB DE POT²NCIA 10mm² 0,6/1KV NBR 7285","7896819200983","SKU-UN10_ALU","Aluforce","ALUFORCE CB DE POT²NCIA 10mm² 0,6/1KV NBR 7285"
257,"UN10_LAB","LABOR CB DE POT²NCIA 10mm² 0,6/1KV NBR 7285","7896819202574","SKU-UN10_LAB","Labor Energy","LABOR CB DE POT²NCIA 10mm² 0,6/1KV NBR 7285"
329,"UN120AZ_LAB","LABOR CB DE POT²NCIA 120mm² 0,6/1KV NBR 7285","7896819203298","SKU-UN120AZ_LAB","Labor Energy","LABOR CB DE POT²NCIA 120mm² 0,6/1KV NBR 7285"
330,"UN120VD_LAB","LABOR CB DE POT²NCIA 120mm² 0,6/1KV NBR 7285","7896819203304","SKU-UN120VD_LAB","Labor Energy","LABOR CB DE POT²NCIA 120mm² 0,6/1KV NBR 7285"
105,"UN120_ALU","ALUFORCE CB DE POT²NCIA 120mm² 0,6/1KV NBR 7285","7896819201058","SKU-UN120_ALU","Aluforce","ALUFORCE CB DE POT²NCIA 120mm² 0,6/1KV NBR 7285"
268,"UN120_LAB","LABOR CB DE POT²NCIA 120mm² 0,6/1KV NBR 7285","7896819202680","SKU-UN120_LAB","Labor Energy","LABOR CB DE POT²NCIA 120mm² 0,6/1KV NBR 7285"
106,"UN150_ALU","ALUFORCE CB DE POT²NCIA 150mm² 0,6/1KV NBR 7285","7896819201065","SKU-UN150_ALU","Aluforce","ALUFORCE CB DE POT²NCIA 150mm² 0,6/1KV NBR 7285"
269,"UN150_LAB","LABOR CB DE POT²NCIA 150mm² 0,6/1KV NBR 7285","7896819202697","SKU-UN150_LAB","Labor Energy","LABOR CB DE POT²NCIA 150mm² 0,6/1KV NBR 7285"
259,"UN16AZ_LAB","LABOR CB DE POT²NCIA 16mm² 0,6/1KV NBR 7285","7896819202598","SKU-UN16AZ_LAB","Labor Energy","LABOR CB DE POT²NCIA 16mm² 0,6/1KV NBR 7285"
261,"UN16CZ_LAB","LABOR CB DE POT²NCIA 16mm² 0,6/1KV NBR 7287","7896819202611","SKU-UN16CZ_LAB","Labor Energy","LABOR CB DE POT²NCIA 16mm² 0,6/1KV NBR 7287"
325,"UN16F1_LAB","FASE 1","7896819203250","SKU-UN16F1_LAB","Labor Energy","FASE 1"
326,"UN16F2_LAB","FASE 2","7896819203267","SKU-UN16F2_LAB","Labor Energy","FASE 2"
327,"UN16F3_LAB","FASE 3","7896819203274","SKU-UN16F3_LAB","Labor Energy","FASE 3"
324,"UN16M_LAB","MATRIX 16mm² AL XLPE CA 0,6/1kV 2025 NBR 8182","7896819203243","SKU-UN16M_LAB","Labor Energy","MATRIX 16mm² AL XLPE CA 0,6/1kV 2025 NBR 8182"
328,"UN16NE_LAB","NEUTRO","7896819203281","SKU-UN16NE_LAB","Labor Energy","NEUTRO"
260,"UN16VM_LAB","LABOR CB DE POT²NCIA 16mm² 0,6/1KV NBR 7286","7896819202604","SKU-UN16VM_LAB","Labor Energy","LABOR CB DE POT²NCIA 16mm² 0,6/1KV NBR 7286"
99,"UN16_ALU","ALUFORCE CB DE POT²NCIA 16mm² 0,6/1KV NBR 7285","7896819200990","SKU-UN16_ALU","Aluforce","ALUFORCE CB DE POT²NCIA 16mm² 0,6/1KV NBR 7285"
258,"UN16_LAB","LABOR CB DE POT²NCIA 16mm² 0,6/1KV NBR 7285","7896819202581","SKU-UN16_LAB","Labor Energy","LABOR CB DE POT²NCIA 16mm² 0,6/1KV NBR 7285"
107,"UN185_ALU","ALUFORCE CB DE POT²NCIA 185mm² 0,6/1KV NBR 7285","7896819201072","SKU-UN185_ALU","Aluforce","ALUFORCE CB DE POT²NCIA 185mm² 0,6/1KV NBR 7285"
270,"UN185_LAB","LABOR CB DE POT²NCIA 185mm² 0,6/1KV NBR 7285","7896819202703","SKU-UN185_LAB","Labor Energy","LABOR CB DE POT²NCIA 185mm² 0,6/1KV NBR 7285"
108,"UN240_ALU","ALUFORCE CB DE POT²NCIA 240mm² 0,6/1KV NBR 7285","7896819201089","SKU-UN240_ALU","Aluforce","ALUFORCE CB DE POT²NCIA 240mm² 0,6/1KV NBR 7285"
271,"UN240_LAB","LABOR CB DE POT²NCIA 240mm² 0,6/1KV NBR 7285","7896819202710","SKU-UN240_LAB","Labor Energy","LABOR CB DE POT²NCIA 240mm² 0,6/1KV NBR 7285"
100,"UN25_ALU","ALUFORCE CB DE POT²NCIA 25mm² 0,6/1KV NBR 7285","7896819201003","SKU-UN25_ALU","Aluforce","ALUFORCE CB DE POT²NCIA 25mm² 0,6/1KV NBR 7285"
262,"UN25_LAB","LABOR CB DE POT²NCIA 25mm² 0,6/1KV NBR 7285","7896819202628","SKU-UN25_LAB","Labor Energy","LABOR CB DE POT²NCIA 25mm² 0,6/1KV NBR 7285"
101,"UN35_ALU","ALUFORCE CB DE POT²NCIA 35mm² 0,6/1KV NBR 7285","7896819201010","SKU-UN35_ALU","Aluforce","ALUFORCE CB DE POT²NCIA 35mm² 0,6/1KV NBR 7285"
263,"UN35_LAB","LABOR CB DE POT²NCIA 35mm² 0,6/1KV NBR 7285","7896819202635","SKU-UN35_LAB","Labor Energy","LABOR CB DE POT²NCIA 35mm² 0,6/1KV NBR 7285"
102,"UN50_ALU","ALUFORCE CB DE POT²NCIA 50mm² 0,6/1KV NBR 7285","7896819201027","SKU-UN50_ALU","Aluforce","ALUFORCE CB DE POT²NCIA 50mm² 0,6/1KV NBR 7285"
264,"UN50_LAB","LABOR CB DE POT²NCIA 50mm² 0,6/1KV NBR 7285","7896819202642","SKU-UN50_LAB","Labor Energy","LABOR CB DE POT²NCIA 50mm² 0,6/1KV NBR 7285"
103,"UN70_ALU","ALUFORCE CB DE POT²NCIA 70mm² 0,6/1KV NBR 7285","7896819201034","SKU-UN70_ALU","Aluforce","ALUFORCE CB DE POT²NCIA 70mm² 0,6/1KV NBR 7285"
265,"UN70_LAB","LABOR CB DE POT²NCIA 70mm² 0,6/1KV NBR 7285","7896819202659","SKU-UN70_LAB","Labor Energy","LABOR CB DE POT²NCIA 70mm² 0,6/1KV NBR 7285"
266,"UN95M_LAB","MATRIX 95mm² AL XLPE CA 0,6/1 kV 2025 NBR 8182","7896819202666","SKU-UN95M_LAB","Labor Energy","MATRIX 95mm² AL XLPE CA 0,6/1 kV 2025 NBR 8182"
104,"UN95_ALU","ALUFORCE CB DE POT²NCIA 95mm² 0,6/1KV NBR 7285","7896819201041","SKU-UN95_ALU","Aluforce","ALUFORCE CB DE POT²NCIA 95mm² 0,6/1KV NBR 7285"
267,"UN95_LAB","LABOR CB DE POT²NCIA 95mm² 0,6/1KV NBR 7285","7896819202673","SKU-UN95_LAB","Labor Energy","LABOR CB DE POT²NCIA 95mm² 0,6/1KV NBR 7285"